sample_id,family,family_idx,variant,variant_idx,replicate,r1_path,r2_path,split
Coronaviridae__SARS-CoV-2__rep0,Coronaviridae,0,SARS-CoV-2,0,0,data/reads/Coronaviridae/SARS-CoV-2/rep0_1.fq,data/reads/Coronaviridae/SARS-CoV-2/rep0_2.fq,train
Coronaviridae__SARS-CoV-2__rep1,Coronaviridae,0,SARS-CoV-2,0,1,data/reads/Coronaviridae/SARS-CoV-2/rep1_1.fq,data/reads/Coronaviridae/SARS-CoV-2/rep1_2.fq,train
Coronaviridae__SARS-CoV-2__rep2,Coronaviridae,0,SARS-CoV-2,0,2,data/reads/Coronaviridae/SARS-CoV-2/rep2_1.fq,data/reads/Coronaviridae/SARS-CoV-2/rep2_2.fq,train
Coronaviridae__SARS-CoV-2__rep3,Coronaviridae,0,SARS-CoV-2,0,3,data/reads/Coronaviridae/SARS-CoV-2/rep3_1.fq,data/reads/Coronaviridae/SARS-CoV-2/rep3_2.fq,train
Coronaviridae__SARS-CoV-2__rep4,Coronaviridae,0,SARS-CoV-2,0,4,data/reads/Coronaviridae/SARS-CoV-2/rep4_1.fq,data/reads/Coronaviridae/SARS-CoV-2/rep4_2.fq,val
Coronaviridae__SARS-CoV-2__rep5,Coronaviridae,0,SARS-CoV-2,0,5,data/reads/Coronaviridae/SARS-CoV-2/rep5_1.fq,data/reads/Coronaviridae/SARS-CoV-2/rep5_2.fq,test
Coronaviridae__SARS-CoV-1__rep0,Coronaviridae,0,SARS-CoV-1,1,0,data/reads/Coronaviridae/SARS-CoV-1/rep0_1.fq,data/reads/Coronaviridae/SARS-CoV-1/rep0_2.fq,train
Coronaviridae__SARS-CoV-1__rep1,Coronaviridae,0,SARS-CoV-1,1,1,data/reads/Coronaviridae/SARS-CoV-1/rep1_1.fq,data/reads/Coronaviridae/SARS-CoV-1/rep1_2.fq,train
Coronaviridae__SARS-CoV-1__rep2,Coronaviridae,0,SARS-CoV-1,1,2,data/reads/Coronaviridae/SARS-CoV-1/rep2_1.fq,data/reads/Coronaviridae/SARS-CoV-1/rep2_2.fq,train
Coronaviridae__SARS-CoV-1__rep3,Coronaviridae,0,SARS-CoV-1,1,3,data/reads/Coronaviridae/SARS-CoV-1/rep3_1.fq,data/reads/Coronaviridae/SARS-CoV-1/rep3_2.fq,train
Coronaviridae__SARS-CoV-1__rep4,Coronaviridae,0,SARS-CoV-1,1,4,data/reads/Coronaviridae/SARS-CoV-1/rep4_1.fq,data/reads/Coronaviridae/SARS-CoV-1/rep4_2.fq,val
Coronaviridae__SARS-CoV-1__rep5,Coronaviridae,0,SARS-CoV-1,1,5,data/reads/Coronaviridae/SARS-CoV-1/rep5_1.fq,data/reads/Coronaviridae/SARS-CoV-1/rep5_2.fq,test
Coronaviridae__MERS-CoV__rep0,Coronaviridae,0,MERS-CoV,2,0,data/reads/Coronaviridae/MERS-CoV/rep0_1.fq,data/reads/Coronaviridae/MERS-CoV/rep0_2.fq,train
Coronaviridae__MERS-CoV__rep1,Coronaviridae,0,MERS-CoV,2,1,data/reads/Coronaviridae/MERS-CoV/rep1_1.fq,data/reads/Coronaviridae/MERS-CoV/rep1_2.fq,train
Coronaviridae__MERS-CoV__rep2,Coronaviridae,0,MERS-CoV,2,2,data/reads/Coronaviridae/MERS-CoV/rep2_1.fq,data/reads/Coronaviridae/MERS-CoV/rep2_2.fq,train
Coronaviridae__MERS-CoV__rep3,Coronaviridae,0,MERS-CoV,2,3,data/reads/Coronaviridae/MERS-CoV/rep3_1.fq,data/reads/Coronaviridae/MERS-CoV/rep3_2.fq,train
Coronaviridae__MERS-CoV__rep4,Coronaviridae,0,MERS-CoV,2,4,data/reads/Coronaviridae/MERS-CoV/rep4_1.fq,data/reads/Coronaviridae/MERS-CoV/rep4_2.fq,val
Coronaviridae__MERS-CoV__rep5,Coronaviridae,0,MERS-CoV,2,5,data/reads/Coronaviridae/MERS-CoV/rep5_1.fq,data/reads/Coronaviridae/MERS-CoV/rep5_2.fq,test
Coronaviridae__HCoV-229E__rep0,Coronaviridae,0,HCoV-229E,3,0,data/reads/Coronaviridae/HCoV-229E/rep0_1.fq,data/reads/Coronaviridae/HCoV-229E/rep0_2.fq,train
Coronaviridae__HCoV-229E__rep1,Coronaviridae,0,HCoV-229E,3,1,data/reads/Coronaviridae/HCoV-229E/rep1_1.fq,data/reads/Coronaviridae/HCoV-229E/rep1_2.fq,train
Coronaviridae__HCoV-229E__rep2,Coronaviridae,0,HCoV-229E,3,2,data/reads/Coronaviridae/HCoV-229E/rep2_1.fq,data/reads/Coronaviridae/HCoV-229E/rep2_2.fq,train
Coronaviridae__HCoV-229E__rep3,Coronaviridae,0,HCoV-229E,3,3,data/reads/Coronaviridae/HCoV-229E/rep3_1.fq,data/reads/Coronaviridae/HCoV-229E/rep3_2.fq,train
Coronaviridae__HCoV-229E__rep4,Coronaviridae,0,HCoV-229E,3,4,data/reads/Coronaviridae/HCoV-229E/rep4_1.fq,data/reads/Coronaviridae/HCoV-229E/rep4_2.fq,val
Coronaviridae__HCoV-229E__rep5,Coronaviridae,0,HCoV-229E,3,5,data/reads/Coronaviridae/HCoV-229E/rep5_1.fq,data/reads/Coronaviridae/HCoV-229E/rep5_2.fq,test
Coronaviridae__HCoV-NL63__rep0,Coronaviridae,0,HCoV-NL63,4,0,data/reads/Coronaviridae/HCoV-NL63/rep0_1.fq,data/reads/Coronaviridae/HCoV-NL63/rep0_2.fq,train
Coronaviridae__HCoV-NL63__rep1,Coronaviridae,0,HCoV-NL63,4,1,data/reads/Coronaviridae/HCoV-NL63/rep1_1.fq,data/reads/Coronaviridae/HCoV-NL63/rep1_2.fq,train
Coronaviridae__HCoV-NL63__rep2,Coronaviridae,0,HCoV-NL63,4,2,data/reads/Coronaviridae/HCoV-NL63/rep2_1.fq,data/reads/Coronaviridae/HCoV-NL63/rep2_2.fq,train
Coronaviridae__HCoV-NL63__rep3,Coronaviridae,0,HCoV-NL63,4,3,data/reads/Coronaviridae/HCoV-NL63/rep3_1.fq,data/reads/Coronaviridae/HCoV-NL63/rep3_2.fq,train
Coronaviridae__HCoV-NL63__rep4,Coronaviridae,0,HCoV-NL63,4,4,data/reads/Coronaviridae/HCoV-NL63/rep4_1.fq,data/reads/Coronaviridae/HCoV-NL63/rep4_2.fq,val
Coronaviridae__HCoV-NL63__rep5,Coronaviridae,0,HCoV-NL63,4,5,data/reads/Coronaviridae/HCoV-NL63/rep5_1.fq,data/reads/Coronaviridae/HCoV-NL63/rep5_2.fq,test
Coronaviridae__HCoV-OC43__rep0,Coronaviridae,0,HCoV-OC43,5,0,data/reads/Coronaviridae/HCoV-OC43/rep0_1.fq,data/reads/Coronaviridae/HCoV-OC43/rep0_2.fq,train
Coronaviridae__HCoV-OC43__rep1,Coronaviridae,0,HCoV-OC43,5,1,data/reads/Coronaviridae/HCoV-OC43/rep1_1.fq,data/reads/Coronaviridae/HCoV-OC43/rep1_2.fq,train
Coronaviridae__HCoV-OC43__rep2,Coronaviridae,0,HCoV-OC43,5,2,data/reads/Coronaviridae/HCoV-OC43/rep2_1.fq,data/reads/Coronaviridae/HCoV-OC43/rep2_2.fq,train
Coronaviridae__HCoV-OC43__rep3,Coronaviridae,0,HCoV-OC43,5,3,data/reads/Coronaviridae/HCoV-OC43/rep3_1.fq,data/reads/Coronaviridae/HCoV-OC43/rep3_2.fq,train
Coronaviridae__HCoV-OC43__rep4,Coronaviridae,0,HCoV-OC43,5,4,data/reads/Coronaviridae/HCoV-OC43/rep4_1.fq,data/reads/Coronaviridae/HCoV-OC43/rep4_2.fq,val
Coronaviridae__HCoV-OC43__rep5,Coronaviridae,0,HCoV-OC43,5,5,data/reads/Coronaviridae/HCoV-OC43/rep5_1.fq,data/reads/Coronaviridae/HCoV-OC43/rep5_2.fq,test
Coronaviridae__HCoV-HKU1__rep0,Coronaviridae,0,HCoV-HKU1,6,0,data/reads/Coronaviridae/HCoV-HKU1/rep0_1.fq,data/reads/Coronaviridae/HCoV-HKU1/rep0_2.fq,train
Coronaviridae__HCoV-HKU1__rep1,Coronaviridae,0,HCoV-HKU1,6,1,data/reads/Coronaviridae/HCoV-HKU1/rep1_1.fq,data/reads/Coronaviridae/HCoV-HKU1/rep1_2.fq,train
Coronaviridae__HCoV-HKU1__rep2,Coronaviridae,0,HCoV-HKU1,6,2,data/reads/Coronaviridae/HCoV-HKU1/rep2_1.fq,data/reads/Coronaviridae/HCoV-HKU1/rep2_2.fq,train
Coronaviridae__HCoV-HKU1__rep3,Coronaviridae,0,HCoV-HKU1,6,3,data/reads/Coronaviridae/HCoV-HKU1/rep3_1.fq,data/reads/Coronaviridae/HCoV-HKU1/rep3_2.fq,train
Coronaviridae__HCoV-HKU1__rep4,Coronaviridae,0,HCoV-HKU1,6,4,data/reads/Coronaviridae/HCoV-HKU1/rep4_1.fq,data/reads/Coronaviridae/HCoV-HKU1/rep4_2.fq,val
Coronaviridae__HCoV-HKU1__rep5,Coronaviridae,0,HCoV-HKU1,6,5,data/reads/Coronaviridae/HCoV-HKU1/rep5_1.fq,data/reads/Coronaviridae/HCoV-HKU1/rep5_2.fq,test
Coronaviridae__Bat-CoV-RaTG13__rep0,Coronaviridae,0,Bat-CoV-RaTG13,7,0,data/reads/Coronaviridae/Bat-CoV-RaTG13/rep0_1.fq,data/reads/Coronaviridae/Bat-CoV-RaTG13/rep0_2.fq,train
Coronaviridae__Bat-CoV-RaTG13__rep1,Coronaviridae,0,Bat-CoV-RaTG13,7,1,data/reads/Coronaviridae/Bat-CoV-RaTG13/rep1_1.fq,data/reads/Coronaviridae/Bat-CoV-RaTG13/rep1_2.fq,train
Coronaviridae__Bat-CoV-RaTG13__rep2,Coronaviridae,0,Bat-CoV-RaTG13,7,2,data/reads/Coronaviridae/Bat-CoV-RaTG13/rep2_1.fq,data/reads/Coronaviridae/Bat-CoV-RaTG13/rep2_2.fq,train
Coronaviridae__Bat-CoV-RaTG13__rep3,Coronaviridae,0,Bat-CoV-RaTG13,7,3,data/reads/Coronaviridae/Bat-CoV-RaTG13/rep3_1.fq,data/reads/Coronaviridae/Bat-CoV-RaTG13/rep3_2.fq,train
Coronaviridae__Bat-CoV-RaTG13__rep4,Coronaviridae,0,Bat-CoV-RaTG13,7,4,data/reads/Coronaviridae/Bat-CoV-RaTG13/rep4_1.fq,data/reads/Coronaviridae/Bat-CoV-RaTG13/rep4_2.fq,val
Coronaviridae__Bat-CoV-RaTG13__rep5,Coronaviridae,0,Bat-CoV-RaTG13,7,5,data/reads/Coronaviridae/Bat-CoV-RaTG13/rep5_1.fq,data/reads/Coronaviridae/Bat-CoV-RaTG13/rep5_2.fq,test
Flaviviridae__Dengue-1__rep0,Flaviviridae,1,Dengue-1,0,0,data/reads/Flaviviridae/Dengue-1/rep0_1.fq,data/reads/Flaviviridae/Dengue-1/rep0_2.fq,train
Flaviviridae__Dengue-1__rep1,Flaviviridae,1,Dengue-1,0,1,data/reads/Flaviviridae/Dengue-1/rep1_1.fq,data/reads/Flaviviridae/Dengue-1/rep1_2.fq,train
Flaviviridae__Dengue-1__rep2,Flaviviridae,1,Dengue-1,0,2,data/reads/Flaviviridae/Dengue-1/rep2_1.fq,data/reads/Flaviviridae/Dengue-1/rep2_2.fq,train
Flaviviridae__Dengue-1__rep3,Flaviviridae,1,Dengue-1,0,3,data/reads/Flaviviridae/Dengue-1/rep3_1.fq,data/reads/Flaviviridae/Dengue-1/rep3_2.fq,train
Flaviviridae__Dengue-1__rep4,Flaviviridae,1,Dengue-1,0,4,data/reads/Flaviviridae/Dengue-1/rep4_1.fq,data/reads/Flaviviridae/Dengue-1/rep4_2.fq,val
Flaviviridae__Dengue-1__rep5,Flaviviridae,1,Dengue-1,0,5,data/reads/Flaviviridae/Dengue-1/rep5_1.fq,data/reads/Flaviviridae/Dengue-1/rep5_2.fq,test
Flaviviridae__Dengue-2__rep0,Flaviviridae,1,Dengue-2,1,0,data/reads/Flaviviridae/Dengue-2/rep0_1.fq,data/reads/Flaviviridae/Dengue-2/rep0_2.fq,train
Flaviviridae__Dengue-2__rep1,Flaviviridae,1,Dengue-2,1,1,data/reads/Flaviviridae/Dengue-2/rep1_1.fq,data/reads/Flaviviridae/Dengue-2/rep1_2.fq,train
Flaviviridae__Dengue-2__rep2,Flaviviridae,1,Dengue-2,1,2,data/reads/Flaviviridae/Dengue-2/rep2_1.fq,data/reads/Flaviviridae/Dengue-2/rep2_2.fq,train
Flaviviridae__Dengue-2__rep3,Flaviviridae,1,Dengue-2,1,3,data/reads/Flaviviridae/Dengue-2/rep3_1.fq,data/reads/Flaviviridae/Dengue-2/rep3_2.fq,train
Flaviviridae__Dengue-2__rep4,Flaviviridae,1,Dengue-2,1,4,data/reads/Flaviviridae/Dengue-2/rep4_1.fq,data/reads/Flaviviridae/Dengue-2/rep4_2.fq,val
Flaviviridae__Dengue-2__rep5,Flaviviridae,1,Dengue-2,1,5,data/reads/Flaviviridae/Dengue-2/rep5_1.fq,data/reads/Flaviviridae/Dengue-2/rep5_2.fq,test
Flaviviridae__Dengue-3__rep0,Flaviviridae,1,Dengue-3,2,0,data/reads/Flaviviridae/Dengue-3/rep0_1.fq,data/reads/Flaviviridae/Dengue-3/rep0_2.fq,train
Flaviviridae__Dengue-3__rep1,Flaviviridae,1,Dengue-3,2,1,data/reads/Flaviviridae/Dengue-3/rep1_1.fq,data/reads/Flaviviridae/Dengue-3/rep1_2.fq,train
Flaviviridae__Dengue-3__rep2,Flaviviridae,1,Dengue-3,2,2,data/reads/Flaviviridae/Dengue-3/rep2_1.fq,data/reads/Flaviviridae/Dengue-3/rep2_2.fq,train
Flaviviridae__Dengue-3__rep3,Flaviviridae,1,Dengue-3,2,3,data/reads/Flaviviridae/Dengue-3/rep3_1.fq,data/reads/Flaviviridae/Dengue-3/rep3_2.fq,train
Flaviviridae__Dengue-3__rep4,Flaviviridae,1,Dengue-3,2,4,data/reads/Flaviviridae/Dengue-3/rep4_1.fq,data/reads/Flaviviridae/Dengue-3/rep4_2.fq,val
Flaviviridae__Dengue-3__rep5,Flaviviridae,1,Dengue-3,2,5,data/reads/Flaviviridae/Dengue-3/rep5_1.fq,data/reads/Flaviviridae/Dengue-3/rep5_2.fq,test
Flaviviridae__Dengue-4__rep0,Flaviviridae,1,Dengue-4,3,0,data/reads/Flaviviridae/Dengue-4/rep0_1.fq,data/reads/Flaviviridae/Dengue-4/rep0_2.fq,train
Flaviviridae__Dengue-4__rep1,Flaviviridae,1,Dengue-4,3,1,data/reads/Flaviviridae/Dengue-4/rep1_1.fq,data/reads/Flaviviridae/Dengue-4/rep1_2.fq,train
Flaviviridae__Dengue-4__rep2,Flaviviridae,1,Dengue-4,3,2,data/reads/Flaviviridae/Dengue-4/rep2_1.fq,data/reads/Flaviviridae/Dengue-4/rep2_2.fq,train
Flaviviridae__Dengue-4__rep3,Flaviviridae,1,Dengue-4,3,3,data/reads/Flaviviridae/Dengue-4/rep3_1.fq,data/reads/Flaviviridae/Dengue-4/rep3_2.fq,train
Flaviviridae__Dengue-4__rep4,Flaviviridae,1,Dengue-4,3,4,data/reads/Flaviviridae/Dengue-4/rep4_1.fq,data/reads/Flaviviridae/Dengue-4/rep4_2.fq,val
Flaviviridae__Dengue-4__rep5,Flaviviridae,1,Dengue-4,3,5,data/reads/Flaviviridae/Dengue-4/rep5_1.fq,data/reads/Flaviviridae/Dengue-4/rep5_2.fq,test
Flaviviridae__Zika__rep0,Flaviviridae,1,Zika,4,0,data/reads/Flaviviridae/Zika/rep0_1.fq,data/reads/Flaviviridae/Zika/rep0_2.fq,train
Flaviviridae__Zika__rep1,Flaviviridae,1,Zika,4,1,data/reads/Flaviviridae/Zika/rep1_1.fq,data/reads/Flaviviridae/Zika/rep1_2.fq,train
Flaviviridae__Zika__rep2,Flaviviridae,1,Zika,4,2,data/reads/Flaviviridae/Zika/rep2_1.fq,data/reads/Flaviviridae/Zika/rep2_2.fq,train
Flaviviridae__Zika__rep3,Flaviviridae,1,Zika,4,3,data/reads/Flaviviridae/Zika/rep3_1.fq,data/reads/Flaviviridae/Zika/rep3_2.fq,train
Flaviviridae__Zika__rep4,Flaviviridae,1,Zika,4,4,data/reads/Flaviviridae/Zika/rep4_1.fq,data/reads/Flaviviridae/Zika/rep4_2.fq,val
Flaviviridae__Zika__rep5,Flaviviridae,1,Zika,4,5,data/reads/Flaviviridae/Zika/rep5_1.fq,data/reads/Flaviviridae/Zika/rep5_2.fq,test
Flaviviridae__West-Nile__rep0,Flaviviridae,1,West-Nile,5,0,data/reads/Flaviviridae/West-Nile/rep0_1.fq,data/reads/Flaviviridae/West-Nile/rep0_2.fq,train
Flaviviridae__West-Nile__rep1,Flaviviridae,1,West-Nile,5,1,data/reads/Flaviviridae/West-Nile/rep1_1.fq,data/reads/Flaviviridae/West-Nile/rep1_2.fq,train
Flaviviridae__West-Nile__rep2,Flaviviridae,1,West-Nile,5,2,data/reads/Flaviviridae/West-Nile/rep2_1.fq,data/reads/Flaviviridae/West-Nile/rep2_2.fq,train
Flaviviridae__West-Nile__rep3,Flaviviridae,1,West-Nile,5,3,data/reads/Flaviviridae/West-Nile/rep3_1.fq,data/reads/Flaviviridae/West-Nile/rep3_2.fq,train
Flaviviridae__West-Nile__rep4,Flaviviridae,1,West-Nile,5,4,data/reads/Flaviviridae/West-Nile/rep4_1.fq,data/reads/Flaviviridae/West-Nile/rep4_2.fq,val
Flaviviridae__West-Nile__rep5,Flaviviridae,1,West-Nile,5,5,data/reads/Flaviviridae/West-Nile/rep5_1.fq,data/reads/Flaviviridae/West-Nile/rep5_2.fq,test
Flaviviridae__Yellow-Fever__rep0,Flaviviridae,1,Yellow-Fever,6,0,data/reads/Flaviviridae/Yellow-Fever/rep0_1.fq,data/reads/Flaviviridae/Yellow-Fever/rep0_2.fq,train
Flaviviridae__Yellow-Fever__rep1,Flaviviridae,1,Yellow-Fever,6,1,data/reads/Flaviviridae/Yellow-Fever/rep1_1.fq,data/reads/Flaviviridae/Yellow-Fever/rep1_2.fq,train
Flaviviridae__Yellow-Fever__rep2,Flaviviridae,1,Yellow-Fever,6,2,data/reads/Flaviviridae/Yellow-Fever/rep2_1.fq,data/reads/Flaviviridae/Yellow-Fever/rep2_2.fq,train
Flaviviridae__Yellow-Fever__rep3,Flaviviridae,1,Yellow-Fever,6,3,data/reads/Flaviviridae/Yellow-Fever/rep3_1.fq,data/reads/Flaviviridae/Yellow-Fever/rep3_2.fq,train
Flaviviridae__Yellow-Fever__rep4,Flaviviridae,1,Yellow-Fever,6,4,data/reads/Flaviviridae/Yellow-Fever/rep4_1.fq,data/reads/Flaviviridae/Yellow-Fever/rep4_2.fq,val
Flaviviridae__Yellow-Fever__rep5,Flaviviridae,1,Yellow-Fever,6,5,data/reads/Flaviviridae/Yellow-Fever/rep5_1.fq,data/reads/Flaviviridae/Yellow-Fever/rep5_2.fq,test
Flaviviridae__Japanese-Encephalitis__rep0,Flaviviridae,1,Japanese-Encephalitis,7,0,data/reads/Flaviviridae/Japanese-Encephalitis/rep0_1.fq,data/reads/Flaviviridae/Japanese-Encephalitis/rep0_2.fq,train
Flaviviridae__Japanese-Encephalitis__rep1,Flaviviridae,1,Japanese-Encephalitis,7,1,data/reads/Flaviviridae/Japanese-Encephalitis/rep1_1.fq,data/reads/Flaviviridae/Japanese-Encephalitis/rep1_2.fq,train
Flaviviridae__Japanese-Encephalitis__rep2,Flaviviridae,1,Japanese-Encephalitis,7,2,data/reads/Flaviviridae/Japanese-Encephalitis/rep2_1.fq,data/reads/Flaviviridae/Japanese-Encephalitis/rep2_2.fq,train
Flaviviridae__Japanese-Encephalitis__rep3,Flaviviridae,1,Japanese-Encephalitis,7,3,data/reads/Flaviviridae/Japanese-Encephalitis/rep3_1.fq,data/reads/Flaviviridae/Japanese-Encephalitis/rep3_2.fq,train
Flaviviridae__Japanese-Encephalitis__rep4,Flaviviridae,1,Japanese-Encephalitis,7,4,data/reads/Flaviviridae/Japanese-Encephalitis/rep4_1.fq,data/reads/Flaviviridae/Japanese-Encephalitis/rep4_2.fq,val
Flaviviridae__Japanese-Encephalitis__rep5,Flaviviridae,1,Japanese-Encephalitis,7,5,data/reads/Flaviviridae/Japanese-Encephalitis/rep5_1.fq,data/reads/Flaviviridae/Japanese-Encephalitis/rep5_2.fq,test
Filoviridae__Ebola-Zaire__rep0,Filoviridae,2,Ebola-Zaire,0,0,data/reads/Filoviridae/Ebola-Zaire/rep0_1.fq,data/reads/Filoviridae/Ebola-Zaire/rep0_2.fq,train
Filoviridae__Ebola-Zaire__rep1,Filoviridae,2,Ebola-Zaire,0,1,data/reads/Filoviridae/Ebola-Zaire/rep1_1.fq,data/reads/Filoviridae/Ebola-Zaire/rep1_2.fq,train
Filoviridae__Ebola-Zaire__rep2,Filoviridae,2,Ebola-Zaire,0,2,data/reads/Filoviridae/Ebola-Zaire/rep2_1.fq,data/reads/Filoviridae/Ebola-Zaire/rep2_2.fq,train
Filoviridae__Ebola-Zaire__rep3,Filoviridae,2,Ebola-Zaire,0,3,data/reads/Filoviridae/Ebola-Zaire/rep3_1.fq,data/reads/Filoviridae/Ebola-Zaire/rep3_2.fq,train
Filoviridae__Ebola-Zaire__rep4,Filoviridae,2,Ebola-Zaire,0,4,data/reads/Filoviridae/Ebola-Zaire/rep4_1.fq,data/reads/Filoviridae/Ebola-Zaire/rep4_2.fq,val
Filoviridae__Ebola-Zaire__rep5,Filoviridae,2,Ebola-Zaire,0,5,data/reads/Filoviridae/Ebola-Zaire/rep5_1.fq,data/reads/Filoviridae/Ebola-Zaire/rep5_2.fq,test
Filoviridae__Ebola-Sudan__rep0,Filoviridae,2,Ebola-Sudan,1,0,data/reads/Filoviridae/Ebola-Sudan/rep0_1.fq,data/reads/Filoviridae/Ebola-Sudan/rep0_2.fq,train
Filoviridae__Ebola-Sudan__rep1,Filoviridae,2,Ebola-Sudan,1,1,data/reads/Filoviridae/Ebola-Sudan/rep1_1.fq,data/reads/Filoviridae/Ebola-Sudan/rep1_2.fq,train
Filoviridae__Ebola-Sudan__rep2,Filoviridae,2,Ebola-Sudan,1,2,data/reads/Filoviridae/Ebola-Sudan/rep2_1.fq,data/reads/Filoviridae/Ebola-Sudan/rep2_2.fq,train
Filoviridae__Ebola-Sudan__rep3,Filoviridae,2,Ebola-Sudan,1,3,data/reads/Filoviridae/Ebola-Sudan/rep3_1.fq,data/reads/Filoviridae/Ebola-Sudan/rep3_2.fq,train
Filoviridae__Ebola-Sudan__rep4,Filoviridae,2,Ebola-Sudan,1,4,data/reads/Filoviridae/Ebola-Sudan/rep4_1.fq,data/reads/Filoviridae/Ebola-Sudan/rep4_2.fq,val
Filoviridae__Ebola-Sudan__rep5,Filoviridae,2,Ebola-Sudan,1,5,data/reads/Filoviridae/Ebola-Sudan/rep5_1.fq,data/reads/Filoviridae/Ebola-Sudan/rep5_2.fq,test
Filoviridae__Ebola-Bundibugyo__rep0,Filoviridae,2,Ebola-Bundibugyo,2,0,data/reads/Filoviridae/Ebola-Bundibugyo/rep0_1.fq,data/reads/Filoviridae/Ebola-Bundibugyo/rep0_2.fq,train
Filoviridae__Ebola-Bundibugyo__rep1,Filoviridae,2,Ebola-Bundibugyo,2,1,data/reads/Filoviridae/Ebola-Bundibugyo/rep1_1.fq,data/reads/Filoviridae/Ebola-Bundibugyo/rep1_2.fq,train
Filoviridae__Ebola-Bundibugyo__rep2,Filoviridae,2,Ebola-Bundibugyo,2,2,data/reads/Filoviridae/Ebola-Bundibugyo/rep2_1.fq,data/reads/Filoviridae/Ebola-Bundibugyo/rep2_2.fq,train
Filoviridae__Ebola-Bundibugyo__rep3,Filoviridae,2,Ebola-Bundibugyo,2,3,data/reads/Filoviridae/Ebola-Bundibugyo/rep3_1.fq,data/reads/Filoviridae/Ebola-Bundibugyo/rep3_2.fq,train
Filoviridae__Ebola-Bundibugyo__rep4,Filoviridae,2,Ebola-Bundibugyo,2,4,data/reads/Filoviridae/Ebola-Bundibugyo/rep4_1.fq,data/reads/Filoviridae/Ebola-Bundibugyo/rep4_2.fq,val
Filoviridae__Ebola-Bundibugyo__rep5,Filoviridae,2,Ebola-Bundibugyo,2,5,data/reads/Filoviridae/Ebola-Bundibugyo/rep5_1.fq,data/reads/Filoviridae/Ebola-Bundibugyo/rep5_2.fq,test
Filoviridae__Ebola-TaiForest__rep0,Filoviridae,2,Ebola-TaiForest,3,0,data/reads/Filoviridae/Ebola-TaiForest/rep0_1.fq,data/reads/Filoviridae/Ebola-TaiForest/rep0_2.fq,train
Filoviridae__Ebola-TaiForest__rep1,Filoviridae,2,Ebola-TaiForest,3,1,data/reads/Filoviridae/Ebola-TaiForest/rep1_1.fq,data/reads/Filoviridae/Ebola-TaiForest/rep1_2.fq,train
Filoviridae__Ebola-TaiForest__rep2,Filoviridae,2,Ebola-TaiForest,3,2,data/reads/Filoviridae/Ebola-TaiForest/rep2_1.fq,data/reads/Filoviridae/Ebola-TaiForest/rep2_2.fq,train
Filoviridae__Ebola-TaiForest__rep3,Filoviridae,2,Ebola-TaiForest,3,3,data/reads/Filoviridae/Ebola-TaiForest/rep3_1.fq,data/reads/Filoviridae/Ebola-TaiForest/rep3_2.fq,train
Filoviridae__Ebola-TaiForest__rep4,Filoviridae,2,Ebola-TaiForest,3,4,data/reads/Filoviridae/Ebola-TaiForest/rep4_1.fq,data/reads/Filoviridae/Ebola-TaiForest/rep4_2.fq,val
Filoviridae__Ebola-TaiForest__rep5,Filoviridae,2,Ebola-TaiForest,3,5,data/reads/Filoviridae/Ebola-TaiForest/rep5_1.fq,data/reads/Filoviridae/Ebola-TaiForest/rep5_2.fq,test
Filoviridae__Ebola-Reston__rep0,Filoviridae,2,Ebola-Reston,4,0,data/reads/Filoviridae/Ebola-Reston/rep0_1.fq,data/reads/Filoviridae/Ebola-Reston/rep0_2.fq,train
Filoviridae__Ebola-Reston__rep1,Filoviridae,2,Ebola-Reston,4,1,data/reads/Filoviridae/Ebola-Reston/rep1_1.fq,data/reads/Filoviridae/Ebola-Reston/rep1_2.fq,train
Filoviridae__Ebola-Reston__rep2,Filoviridae,2,Ebola-Reston,4,2,data/reads/Filoviridae/Ebola-Reston/rep2_1.fq,data/reads/Filoviridae/Ebola-Reston/rep2_2.fq,train
Filoviridae__Ebola-Reston__rep3,Filoviridae,2,Ebola-Reston,4,3,data/reads/Filoviridae/Ebola-Reston/rep3_1.fq,data/reads/Filoviridae/Ebola-Reston/rep3_2.fq,train
Filoviridae__Ebola-Reston__rep4,Filoviridae,2,Ebola-Reston,4,4,data/reads/Filoviridae/Ebola-Reston/rep4_1.fq,data/reads/Filoviridae/Ebola-Reston/rep4_2.fq,val
Filoviridae__Ebola-Reston__rep5,Filoviridae,2,Ebola-Reston,4,5,data/reads/Filoviridae/Ebola-Reston/rep5_1.fq,data/reads/Filoviridae/Ebola-Reston/rep5_2.fq,test
Filoviridae__Marburg__rep0,Filoviridae,2,Marburg,5,0,data/reads/Filoviridae/Marburg/rep0_1.fq,data/reads/Filoviridae/Marburg/rep0_2.fq,train
Filoviridae__Marburg__rep1,Filoviridae,2,Marburg,5,1,data/reads/Filoviridae/Marburg/rep1_1.fq,data/reads/Filoviridae/Marburg/rep1_2.fq,train
Filoviridae__Marburg__rep2,Filoviridae,2,Marburg,5,2,data/reads/Filoviridae/Marburg/rep2_1.fq,data/reads/Filoviridae/Marburg/rep2_2.fq,train
Filoviridae__Marburg__rep3,Filoviridae,2,Marburg,5,3,data/reads/Filoviridae/Marburg/rep3_1.fq,data/reads/Filoviridae/Marburg/rep3_2.fq,train
Filoviridae__Marburg__rep4,Filoviridae,2,Marburg,5,4,data/reads/Filoviridae/Marburg/rep4_1.fq,data/reads/Filoviridae/Marburg/rep4_2.fq,val
Filoviridae__Marburg__rep5,Filoviridae,2,Marburg,5,5,data/reads/Filoviridae/Marburg/rep5_1.fq,data/reads/Filoviridae/Marburg/rep5_2.fq,test
Filoviridae__Ravn__rep0,Filoviridae,2,Ravn,6,0,data/reads/Filoviridae/Ravn/rep0_1.fq,data/reads/Filoviridae/Ravn/rep0_2.fq,train
Filoviridae__Ravn__rep1,Filoviridae,2,Ravn,6,1,data/reads/Filoviridae/Ravn/rep1_1.fq,data/reads/Filoviridae/Ravn/rep1_2.fq,train
Filoviridae__Ravn__rep2,Filoviridae,2,Ravn,6,2,data/reads/Filoviridae/Ravn/rep2_1.fq,data/reads/Filoviridae/Ravn/rep2_2.fq,train
Filoviridae__Ravn__rep3,Filoviridae,2,Ravn,6,3,data/reads/Filoviridae/Ravn/rep3_1.fq,data/reads/Filoviridae/Ravn/rep3_2.fq,train
Filoviridae__Ravn__rep4,Filoviridae,2,Ravn,6,4,data/reads/Filoviridae/Ravn/rep4_1.fq,data/reads/Filoviridae/Ravn/rep4_2.fq,val
Filoviridae__Ravn__rep5,Filoviridae,2,Ravn,6,5,data/reads/Filoviridae/Ravn/rep5_1.fq,data/reads/Filoviridae/Ravn/rep5_2.fq,test
Filoviridae__Lloviu__rep0,Filoviridae,2,Lloviu,7,0,data/reads/Filoviridae/Lloviu/rep0_1.fq,data/reads/Filoviridae/Lloviu/rep0_2.fq,train
Filoviridae__Lloviu__rep1,Filoviridae,2,Lloviu,7,1,data/reads/Filoviridae/Lloviu/rep1_1.fq,data/reads/Filoviridae/Lloviu/rep1_2.fq,train
Filoviridae__Lloviu__rep2,Filoviridae,2,Lloviu,7,2,data/reads/Filoviridae/Lloviu/rep2_1.fq,data/reads/Filoviridae/Lloviu/rep2_2.fq,train
Filoviridae__Lloviu__rep3,Filoviridae,2,Lloviu,7,3,data/reads/Filoviridae/Lloviu/rep3_1.fq,data/reads/Filoviridae/Lloviu/rep3_2.fq,train
Filoviridae__Lloviu__rep4,Filoviridae,2,Lloviu,7,4,data/reads/Filoviridae/Lloviu/rep4_1.fq,data/reads/Filoviridae/Lloviu/rep4_2.fq,val
Filoviridae__Lloviu__rep5,Filoviridae,2,Lloviu,7,5,data/reads/Filoviridae/Lloviu/rep5_1.fq,data/reads/Filoviridae/Lloviu/rep5_2.fq,test
Hepadnaviridae__HBV-genotype-A__rep0,Hepadnaviridae,3,HBV-genotype-A,0,0,data/reads/Hepadnaviridae/HBV-genotype-A/rep0_1.fq,data/reads/Hepadnaviridae/HBV-genotype-A/rep0_2.fq,train
Hepadnaviridae__HBV-genotype-A__rep1,Hepadnaviridae,3,HBV-genotype-A,0,1,data/reads/Hepadnaviridae/HBV-genotype-A/rep1_1.fq,data/reads/Hepadnaviridae/HBV-genotype-A/rep1_2.fq,train
Hepadnaviridae__HBV-genotype-A__rep2,Hepadnaviridae,3,HBV-genotype-A,0,2,data/reads/Hepadnaviridae/HBV-genotype-A/rep2_1.fq,data/reads/Hepadnaviridae/HBV-genotype-A/rep2_2.fq,train
Hepadnaviridae__HBV-genotype-A__rep3,Hepadnaviridae,3,HBV-genotype-A,0,3,data/reads/Hepadnaviridae/HBV-genotype-A/rep3_1.fq,data/reads/Hepadnaviridae/HBV-genotype-A/rep3_2.fq,train
Hepadnaviridae__HBV-genotype-A__rep4,Hepadnaviridae,3,HBV-genotype-A,0,4,data/reads/Hepadnaviridae/HBV-genotype-A/rep4_1.fq,data/reads/Hepadnaviridae/HBV-genotype-A/rep4_2.fq,val
Hepadnaviridae__HBV-genotype-A__rep5,Hepadnaviridae,3,HBV-genotype-A,0,5,data/reads/Hepadnaviridae/HBV-genotype-A/rep5_1.fq,data/reads/Hepadnaviridae/HBV-genotype-A/rep5_2.fq,test
Hepadnaviridae__HBV-genotype-B__rep0,Hepadnaviridae,3,HBV-genotype-B,1,0,data/reads/Hepadnaviridae/HBV-genotype-B/rep0_1.fq,data/reads/Hepadnaviridae/HBV-genotype-B/rep0_2.fq,train
Hepadnaviridae__HBV-genotype-B__rep1,Hepadnaviridae,3,HBV-genotype-B,1,1,data/reads/Hepadnaviridae/HBV-genotype-B/rep1_1.fq,data/reads/Hepadnaviridae/HBV-genotype-B/rep1_2.fq,train
Hepadnaviridae__HBV-genotype-B__rep2,Hepadnaviridae,3,HBV-genotype-B,1,2,data/reads/Hepadnaviridae/HBV-genotype-B/rep2_1.fq,data/reads/Hepadnaviridae/HBV-genotype-B/rep2_2.fq,train
Hepadnaviridae__HBV-genotype-B__rep3,Hepadnaviridae,3,HBV-genotype-B,1,3,data/reads/Hepadnaviridae/HBV-genotype-B/rep3_1.fq,data/reads/Hepadnaviridae/HBV-genotype-B/rep3_2.fq,train
Hepadnaviridae__HBV-genotype-B__rep4,Hepadnaviridae,3,HBV-genotype-B,1,4,data/reads/Hepadnaviridae/HBV-genotype-B/rep4_1.fq,data/reads/Hepadnaviridae/HBV-genotype-B/rep4_2.fq,val
Hepadnaviridae__HBV-genotype-B__rep5,Hepadnaviridae,3,HBV-genotype-B,1,5,data/reads/Hepadnaviridae/HBV-genotype-B/rep5_1.fq,data/reads/Hepadnaviridae/HBV-genotype-B/rep5_2.fq,test
Hepadnaviridae__HBV-genotype-C__rep0,Hepadnaviridae,3,HBV-genotype-C,2,0,data/reads/Hepadnaviridae/HBV-genotype-C/rep0_1.fq,data/reads/Hepadnaviridae/HBV-genotype-C/rep0_2.fq,train
Hepadnaviridae__HBV-genotype-C__rep1,Hepadnaviridae,3,HBV-genotype-C,2,1,data/reads/Hepadnaviridae/HBV-genotype-C/rep1_1.fq,data/reads/Hepadnaviridae/HBV-genotype-C/rep1_2.fq,train
Hepadnaviridae__HBV-genotype-C__rep2,Hepadnaviridae,3,HBV-genotype-C,2,2,data/reads/Hepadnaviridae/HBV-genotype-C/rep2_1.fq,data/reads/Hepadnaviridae/HBV-genotype-C/rep2_2.fq,train
Hepadnaviridae__HBV-genotype-C__rep3,Hepadnaviridae,3,HBV-genotype-C,2,3,data/reads/Hepadnaviridae/HBV-genotype-C/rep3_1.fq,data/reads/Hepadnaviridae/HBV-genotype-C/rep3_2.fq,train
Hepadnaviridae__HBV-genotype-C__rep4,Hepadnaviridae,3,HBV-genotype-C,2,4,data/reads/Hepadnaviridae/HBV-genotype-C/rep4_1.fq,data/reads/Hepadnaviridae/HBV-genotype-C/rep4_2.fq,val
Hepadnaviridae__HBV-genotype-C__rep5,Hepadnaviridae,3,HBV-genotype-C,2,5,data/reads/Hepadnaviridae/HBV-genotype-C/rep5_1.fq,data/reads/Hepadnaviridae/HBV-genotype-C/rep5_2.fq,test
Hepadnaviridae__HBV-genotype-D__rep0,Hepadnaviridae,3,HBV-genotype-D,3,0,data/reads/Hepadnaviridae/HBV-genotype-D/rep0_1.fq,data/reads/Hepadnaviridae/HBV-genotype-D/rep0_2.fq,train
Hepadnaviridae__HBV-genotype-D__rep1,Hepadnaviridae,3,HBV-genotype-D,3,1,data/reads/Hepadnaviridae/HBV-genotype-D/rep1_1.fq,data/reads/Hepadnaviridae/HBV-genotype-D/rep1_2.fq,train
Hepadnaviridae__HBV-genotype-D__rep2,Hepadnaviridae,3,HBV-genotype-D,3,2,data/reads/Hepadnaviridae/HBV-genotype-D/rep2_1.fq,data/reads/Hepadnaviridae/HBV-genotype-D/rep2_2.fq,train
Hepadnaviridae__HBV-genotype-D__rep3,Hepadnaviridae,3,HBV-genotype-D,3,3,data/reads/Hepadnaviridae/HBV-genotype-D/rep3_1.fq,data/reads/Hepadnaviridae/HBV-genotype-D/rep3_2.fq,train
Hepadnaviridae__HBV-genotype-D__rep4,Hepadnaviridae,3,HBV-genotype-D,3,4,data/reads/Hepadnaviridae/HBV-genotype-D/rep4_1.fq,data/reads/Hepadnaviridae/HBV-genotype-D/rep4_2.fq,val
Hepadnaviridae__HBV-genotype-D__rep5,Hepadnaviridae,3,HBV-genotype-D,3,5,data/reads/Hepadnaviridae/HBV-genotype-D/rep5_1.fq,data/reads/Hepadnaviridae/HBV-genotype-D/rep5_2.fq,test
Hepadnaviridae__HBV-genotype-E__rep0,Hepadnaviridae,3,HBV-genotype-E,4,0,data/reads/Hepadnaviridae/HBV-genotype-E/rep0_1.fq,data/reads/Hepadnaviridae/HBV-genotype-E/rep0_2.fq,train
Hepadnaviridae__HBV-genotype-E__rep1,Hepadnaviridae,3,HBV-genotype-E,4,1,data/reads/Hepadnaviridae/HBV-genotype-E/rep1_1.fq,data/reads/Hepadnaviridae/HBV-genotype-E/rep1_2.fq,train
Hepadnaviridae__HBV-genotype-E__rep2,Hepadnaviridae,3,HBV-genotype-E,4,2,data/reads/Hepadnaviridae/HBV-genotype-E/rep2_1.fq,data/reads/Hepadnaviridae/HBV-genotype-E/rep2_2.fq,train
Hepadnaviridae__HBV-genotype-E__rep3,Hepadnaviridae,3,HBV-genotype-E,4,3,data/reads/Hepadnaviridae/HBV-genotype-E/rep3_1.fq,data/reads/Hepadnaviridae/HBV-genotype-E/rep3_2.fq,train
Hepadnaviridae__HBV-genotype-E__rep4,Hepadnaviridae,3,HBV-genotype-E,4,4,data/reads/Hepadnaviridae/HBV-genotype-E/rep4_1.fq,data/reads/Hepadnaviridae/HBV-genotype-E/rep4_2.fq,val
Hepadnaviridae__HBV-genotype-E__rep5,Hepadnaviridae,3,HBV-genotype-E,4,5,data/reads/Hepadnaviridae/HBV-genotype-E/rep5_1.fq,data/reads/Hepadnaviridae/HBV-genotype-E/rep5_2.fq,test
Hepadnaviridae__HBV-genotype-F__rep0,Hepadnaviridae,3,HBV-genotype-F,5,0,data/reads/Hepadnaviridae/HBV-genotype-F/rep0_1.fq,data/reads/Hepadnaviridae/HBV-genotype-F/rep0_2.fq,train
Hepadnaviridae__HBV-genotype-F__rep1,Hepadnaviridae,3,HBV-genotype-F,5,1,data/reads/Hepadnaviridae/HBV-genotype-F/rep1_1.fq,data/reads/Hepadnaviridae/HBV-genotype-F/rep1_2.fq,train
Hepadnaviridae__HBV-genotype-F__rep2,Hepadnaviridae,3,HBV-genotype-F,5,2,data/reads/Hepadnaviridae/HBV-genotype-F/rep2_1.fq,data/reads/Hepadnaviridae/HBV-genotype-F/rep2_2.fq,train
Hepadnaviridae__HBV-genotype-F__rep3,Hepadnaviridae,3,HBV-genotype-F,5,3,data/reads/Hepadnaviridae/HBV-genotype-F/rep3_1.fq,data/reads/Hepadnaviridae/HBV-genotype-F/rep3_2.fq,train
Hepadnaviridae__HBV-genotype-F__rep4,Hepadnaviridae,3,HBV-genotype-F,5,4,data/reads/Hepadnaviridae/HBV-genotype-F/rep4_1.fq,data/reads/Hepadnaviridae/HBV-genotype-F/rep4_2.fq,val
Hepadnaviridae__HBV-genotype-F__rep5,Hepadnaviridae,3,HBV-genotype-F,5,5,data/reads/Hepadnaviridae/HBV-genotype-F/rep5_1.fq,data/reads/Hepadnaviridae/HBV-genotype-F/rep5_2.fq,test
Hepadnaviridae__HBV-genotype-G__rep0,Hepadnaviridae,3,HBV-genotype-G,6,0,data/reads/Hepadnaviridae/HBV-genotype-G/rep0_1.fq,data/reads/Hepadnaviridae/HBV-genotype-G/rep0_2.fq,train
Hepadnaviridae__HBV-genotype-G__rep1,Hepadnaviridae,3,HBV-genotype-G,6,1,data/reads/Hepadnaviridae/HBV-genotype-G/rep1_1.fq,data/reads/Hepadnaviridae/HBV-genotype-G/rep1_2.fq,train
Hepadnaviridae__HBV-genotype-G__rep2,Hepadnaviridae,3,HBV-genotype-G,6,2,data/reads/Hepadnaviridae/HBV-genotype-G/rep2_1.fq,data/reads/Hepadnaviridae/HBV-genotype-G/rep2_2.fq,train
Hepadnaviridae__HBV-genotype-G__rep3,Hepadnaviridae,3,HBV-genotype-G,6,3,data/reads/Hepadnaviridae/HBV-genotype-G/rep3_1.fq,data/reads/Hepadnaviridae/HBV-genotype-G/rep3_2.fq,train
Hepadnaviridae__HBV-genotype-G__rep4,Hepadnaviridae,3,HBV-genotype-G,6,4,data/reads/Hepadnaviridae/HBV-genotype-G/rep4_1.fq,data/reads/Hepadnaviridae/HBV-genotype-G/rep4_2.fq,val
Hepadnaviridae__HBV-genotype-G__rep5,Hepadnaviridae,3,HBV-genotype-G,6,5,data/reads/Hepadnaviridae/HBV-genotype-G/rep5_1.fq,data/reads/Hepadnaviridae/HBV-genotype-G/rep5_2.fq,test
Hepadnaviridae__HBV-genotype-H__rep0,Hepadnaviridae,3,HBV-genotype-H,7,0,data/reads/Hepadnaviridae/HBV-genotype-H/rep0_1.fq,data/reads/Hepadnaviridae/HBV-genotype-H/rep0_2.fq,train
Hepadnaviridae__HBV-genotype-H__rep1,Hepadnaviridae,3,HBV-genotype-H,7,1,data/reads/Hepadnaviridae/HBV-genotype-H/rep1_1.fq,data/reads/Hepadnaviridae/HBV-genotype-H/rep1_2.fq,train
Hepadnaviridae__HBV-genotype-H__rep2,Hepadnaviridae,3,HBV-genotype-H,7,2,data/reads/Hepadnaviridae/HBV-genotype-H/rep2_1.fq,data/reads/Hepadnaviridae/HBV-genotype-H/rep2_2.fq,train
Hepadnaviridae__HBV-genotype-H__rep3,Hepadnaviridae,3,HBV-genotype-H,7,3,data/reads/Hepadnaviridae/HBV-genotype-H/rep3_1.fq,data/reads/Hepadnaviridae/HBV-genotype-H/rep3_2.fq,train
Hepadnaviridae__HBV-genotype-H__rep4,Hepadnaviridae,3,HBV-genotype-H,7,4,data/reads/Hepadnaviridae/HBV-genotype-H/rep4_1.fq,data/reads/Hepadnaviridae/HBV-genotype-H/rep4_2.fq,val
Hepadnaviridae__HBV-genotype-H__rep5,Hepadnaviridae,3,HBV-genotype-H,7,5,data/reads/Hepadnaviridae/HBV-genotype-H/rep5_1.fq,data/reads/Hepadnaviridae/HBV-genotype-H/rep5_2.fq,test
Retroviridae__HIV-1-subtype-A__rep0,Retroviridae,4,HIV-1-subtype-A,0,0,data/reads/Retroviridae/HIV-1-subtype-A/rep0_1.fq,data/reads/Retroviridae/HIV-1-subtype-A/rep0_2.fq,train
Retroviridae__HIV-1-subtype-A__rep1,Retroviridae,4,HIV-1-subtype-A,0,1,data/reads/Retroviridae/HIV-1-subtype-A/rep1_1.fq,data/reads/Retroviridae/HIV-1-subtype-A/rep1_2.fq,train
Retroviridae__HIV-1-subtype-A__rep2,Retroviridae,4,HIV-1-subtype-A,0,2,data/reads/Retroviridae/HIV-1-subtype-A/rep2_1.fq,data/reads/Retroviridae/HIV-1-subtype-A/rep2_2.fq,train
Retroviridae__HIV-1-subtype-A__rep3,Retroviridae,4,HIV-1-subtype-A,0,3,data/reads/Retroviridae/HIV-1-subtype-A/rep3_1.fq,data/reads/Retroviridae/HIV-1-subtype-A/rep3_2.fq,train
Retroviridae__HIV-1-subtype-A__rep4,Retroviridae,4,HIV-1-subtype-A,0,4,data/reads/Retroviridae/HIV-1-subtype-A/rep4_1.fq,data/reads/Retroviridae/HIV-1-subtype-A/rep4_2.fq,val
Retroviridae__HIV-1-subtype-A__rep5,Retroviridae,4,HIV-1-subtype-A,0,5,data/reads/Retroviridae/HIV-1-subtype-A/rep5_1.fq,data/reads/Retroviridae/HIV-1-subtype-A/rep5_2.fq,test
Retroviridae__HIV-1-subtype-B__rep0,Retroviridae,4,HIV-1-subtype-B,1,0,data/reads/Retroviridae/HIV-1-subtype-B/rep0_1.fq,data/reads/Retroviridae/HIV-1-subtype-B/rep0_2.fq,train
Retroviridae__HIV-1-subtype-B__rep1,Retroviridae,4,HIV-1-subtype-B,1,1,data/reads/Retroviridae/HIV-1-subtype-B/rep1_1.fq,data/reads/Retroviridae/HIV-1-subtype-B/rep1_2.fq,train
Retroviridae__HIV-1-subtype-B__rep2,Retroviridae,4,HIV-1-subtype-B,1,2,data/reads/Retroviridae/HIV-1-subtype-B/rep2_1.fq,data/reads/Retroviridae/HIV-1-subtype-B/rep2_2.fq,train
Retroviridae__HIV-1-subtype-B__rep3,Retroviridae,4,HIV-1-subtype-B,1,3,data/reads/Retroviridae/HIV-1-subtype-B/rep3_1.fq,data/reads/Retroviridae/HIV-1-subtype-B/rep3_2.fq,train
Retroviridae__HIV-1-subtype-B__rep4,Retroviridae,4,HIV-1-subtype-B,1,4,data/reads/Retroviridae/HIV-1-subtype-B/rep4_1.fq,data/reads/Retroviridae/HIV-1-subtype-B/rep4_2.fq,val
Retroviridae__HIV-1-subtype-B__rep5,Retroviridae,4,HIV-1-subtype-B,1,5,data/reads/Retroviridae/HIV-1-subtype-B/rep5_1.fq,data/reads/Retroviridae/HIV-1-subtype-B/rep5_2.fq,test
Retroviridae__HIV-1-subtype-C__rep0,Retroviridae,4,HIV-1-subtype-C,2,0,data/reads/Retroviridae/HIV-1-subtype-C/rep0_1.fq,data/reads/Retroviridae/HIV-1-subtype-C/rep0_2.fq,train
Retroviridae__HIV-1-subtype-C__rep1,Retroviridae,4,HIV-1-subtype-C,2,1,data/reads/Retroviridae/HIV-1-subtype-C/rep1_1.fq,data/reads/Retroviridae/HIV-1-subtype-C/rep1_2.fq,train
Retroviridae__HIV-1-subtype-C__rep2,Retroviridae,4,HIV-1-subtype-C,2,2,data/reads/Retroviridae/HIV-1-subtype-C/rep2_1.fq,data/reads/Retroviridae/HIV-1-subtype-C/rep2_2.fq,train
Retroviridae__HIV-1-subtype-C__rep3,Retroviridae,4,HIV-1-subtype-C,2,3,data/reads/Retroviridae/HIV-1-subtype-C/rep3_1.fq,data/reads/Retroviridae/HIV-1-subtype-C/rep3_2.fq,train
Retroviridae__HIV-1-subtype-C__rep4,Retroviridae,4,HIV-1-subtype-C,2,4,data/reads/Retroviridae/HIV-1-subtype-C/rep4_1.fq,data/reads/Retroviridae/HIV-1-subtype-C/rep4_2.fq,val
Retroviridae__HIV-1-subtype-C__rep5,Retroviridae,4,HIV-1-subtype-C,2,5,data/reads/Retroviridae/HIV-1-subtype-C/rep5_1.fq,data/reads/Retroviridae/HIV-1-subtype-C/rep5_2.fq,test
Retroviridae__HIV-1-subtype-D__rep0,Retroviridae,4,HIV-1-subtype-D,3,0,data/reads/Retroviridae/HIV-1-subtype-D/rep0_1.fq,data/reads/Retroviridae/HIV-1-subtype-D/rep0_2.fq,train
Retroviridae__HIV-1-subtype-D__rep1,Retroviridae,4,HIV-1-subtype-D,3,1,data/reads/Retroviridae/HIV-1-subtype-D/rep1_1.fq,data/reads/Retroviridae/HIV-1-subtype-D/rep1_2.fq,train
Retroviridae__HIV-1-subtype-D__rep2,Retroviridae,4,HIV-1-subtype-D,3,2,data/reads/Retroviridae/HIV-1-subtype-D/rep2_1.fq,data/reads/Retroviridae/HIV-1-subtype-D/rep2_2.fq,train
Retroviridae__HIV-1-subtype-D__rep3,Retroviridae,4,HIV-1-subtype-D,3,3,data/reads/Retroviridae/HIV-1-subtype-D/rep3_1.fq,data/reads/Retroviridae/HIV-1-subtype-D/rep3_2.fq,train
Retroviridae__HIV-1-subtype-D__rep4,Retroviridae,4,HIV-1-subtype-D,3,4,data/reads/Retroviridae/HIV-1-subtype-D/rep4_1.fq,data/reads/Retroviridae/HIV-1-subtype-D/rep4_2.fq,val
Retroviridae__HIV-1-subtype-D__rep5,Retroviridae,4,HIV-1-subtype-D,3,5,data/reads/Retroviridae/HIV-1-subtype-D/rep5_1.fq,data/reads/Retroviridae/HIV-1-subtype-D/rep5_2.fq,test
Retroviridae__HIV-1-subtype-F__rep0,Retroviridae,4,HIV-1-subtype-F,4,0,data/reads/Retroviridae/HIV-1-subtype-F/rep0_1.fq,data/reads/Retroviridae/HIV-1-subtype-F/rep0_2.fq,train
Retroviridae__HIV-1-subtype-F__rep1,Retroviridae,4,HIV-1-subtype-F,4,1,data/reads/Retroviridae/HIV-1-subtype-F/rep1_1.fq,data/reads/Retroviridae/HIV-1-subtype-F/rep1_2.fq,train
Retroviridae__HIV-1-subtype-F__rep2,Retroviridae,4,HIV-1-subtype-F,4,2,data/reads/Retroviridae/HIV-1-subtype-F/rep2_1.fq,data/reads/Retroviridae/HIV-1-subtype-F/rep2_2.fq,train
Retroviridae__HIV-1-subtype-F__rep3,Retroviridae,4,HIV-1-subtype-F,4,3,data/reads/Retroviridae/HIV-1-subtype-F/rep3_1.fq,data/reads/Retroviridae/HIV-1-subtype-F/rep3_2.fq,train
Retroviridae__HIV-1-subtype-F__rep4,Retroviridae,4,HIV-1-subtype-F,4,4,data/reads/Retroviridae/HIV-1-subtype-F/rep4_1.fq,data/reads/Retroviridae/HIV-1-subtype-F/rep4_2.fq,val
Retroviridae__HIV-1-subtype-F__rep5,Retroviridae,4,HIV-1-subtype-F,4,5,data/reads/Retroviridae/HIV-1-subtype-F/rep5_1.fq,data/reads/Retroviridae/HIV-1-subtype-F/rep5_2.fq,test
Retroviridae__HIV-1-subtype-G__rep0,Retroviridae,4,HIV-1-subtype-G,5,0,data/reads/Retroviridae/HIV-1-subtype-G/rep0_1.fq,data/reads/Retroviridae/HIV-1-subtype-G/rep0_2.fq,train
Retroviridae__HIV-1-subtype-G__rep1,Retroviridae,4,HIV-1-subtype-G,5,1,data/reads/Retroviridae/HIV-1-subtype-G/rep1_1.fq,data/reads/Retroviridae/HIV-1-subtype-G/rep1_2.fq,train
Retroviridae__HIV-1-subtype-G__rep2,Retroviridae,4,HIV-1-subtype-G,5,2,data/reads/Retroviridae/HIV-1-subtype-G/rep2_1.fq,data/reads/Retroviridae/HIV-1-subtype-G/rep2_2.fq,train
Retroviridae__HIV-1-subtype-G__rep3,Retroviridae,4,HIV-1-subtype-G,5,3,data/reads/Retroviridae/HIV-1-subtype-G/rep3_1.fq,data/reads/Retroviridae/HIV-1-subtype-G/rep3_2.fq,train
Retroviridae__HIV-1-subtype-G__rep4,Retroviridae,4,HIV-1-subtype-G,5,4,data/reads/Retroviridae/HIV-1-subtype-G/rep4_1.fq,data/reads/Retroviridae/HIV-1-subtype-G/rep4_2.fq,val
Retroviridae__HIV-1-subtype-G__rep5,Retroviridae,4,HIV-1-subtype-G,5,5,data/reads/Retroviridae/HIV-1-subtype-G/rep5_1.fq,data/reads/Retroviridae/HIV-1-subtype-G/rep5_2.fq,test
Retroviridae__HIV-1-subtype-H__rep0,Retroviridae,4,HIV-1-subtype-H,6,0,data/reads/Retroviridae/HIV-1-subtype-H/rep0_1.fq,data/reads/Retroviridae/HIV-1-subtype-H/rep0_2.fq,train
Retroviridae__HIV-1-subtype-H__rep1,Retroviridae,4,HIV-1-subtype-H,6,1,data/reads/Retroviridae/HIV-1-subtype-H/rep1_1.fq,data/reads/Retroviridae/HIV-1-subtype-H/rep1_2.fq,train
Retroviridae__HIV-1-subtype-H__rep2,Retroviridae,4,HIV-1-subtype-H,6,2,data/reads/Retroviridae/HIV-1-subtype-H/rep2_1.fq,data/reads/Retroviridae/HIV-1-subtype-H/rep2_2.fq,train
Retroviridae__HIV-1-subtype-H__rep3,Retroviridae,4,HIV-1-subtype-H,6,3,data/reads/Retroviridae/HIV-1-subtype-H/rep3_1.fq,data/reads/Retroviridae/HIV-1-subtype-H/rep3_2.fq,train
Retroviridae__HIV-1-subtype-H__rep4,Retroviridae,4,HIV-1-subtype-H,6,4,data/reads/Retroviridae/HIV-1-subtype-H/rep4_1.fq,data/reads/Retroviridae/HIV-1-subtype-H/rep4_2.fq,val
Retroviridae__HIV-1-subtype-H__rep5,Retroviridae,4,HIV-1-subtype-H,6,5,data/reads/Retroviridae/HIV-1-subtype-H/rep5_1.fq,data/reads/Retroviridae/HIV-1-subtype-H/rep5_2.fq,test
Retroviridae__HIV-2__rep0,Retroviridae,4,HIV-2,7,0,data/reads/Retroviridae/HIV-2/rep0_1.fq,data/reads/Retroviridae/HIV-2/rep0_2.fq,train
Retroviridae__HIV-2__rep1,Retroviridae,4,HIV-2,7,1,data/reads/Retroviridae/HIV-2/rep1_1.fq,data/reads/Retroviridae/HIV-2/rep1_2.fq,train
Retroviridae__HIV-2__rep2,Retroviridae,4,HIV-2,7,2,data/reads/Retroviridae/HIV-2/rep2_1.fq,data/reads/Retroviridae/HIV-2/rep2_2.fq,train
Retroviridae__HIV-2__rep3,Retroviridae,4,HIV-2,7,3,data/reads/Retroviridae/HIV-2/rep3_1.fq,data/reads/Retroviridae/HIV-2/rep3_2.fq,train
Retroviridae__HIV-2__rep4,Retroviridae,4,HIV-2,7,4,data/reads/Retroviridae/HIV-2/rep4_1.fq,data/reads/Retroviridae/HIV-2/rep4_2.fq,val
Retroviridae__HIV-2__rep5,Retroviridae,4,HIV-2,7,5,data/reads/Retroviridae/HIV-2/rep5_1.fq,data/reads/Retroviridae/HIV-2/rep5_2.fq,test
Herpesviridae__HSV-1__rep0,Herpesviridae,5,HSV-1,0,0,data/reads/Herpesviridae/HSV-1/rep0_1.fq,data/reads/Herpesviridae/HSV-1/rep0_2.fq,train
Herpesviridae__HSV-1__rep1,Herpesviridae,5,HSV-1,0,1,data/reads/Herpesviridae/HSV-1/rep1_1.fq,data/reads/Herpesviridae/HSV-1/rep1_2.fq,train
Herpesviridae__HSV-1__rep2,Herpesviridae,5,HSV-1,0,2,data/reads/Herpesviridae/HSV-1/rep2_1.fq,data/reads/Herpesviridae/HSV-1/rep2_2.fq,train
Herpesviridae__HSV-1__rep3,Herpesviridae,5,HSV-1,0,3,data/reads/Herpesviridae/HSV-1/rep3_1.fq,data/reads/Herpesviridae/HSV-1/rep3_2.fq,train
Herpesviridae__HSV-1__rep4,Herpesviridae,5,HSV-1,0,4,data/reads/Herpesviridae/HSV-1/rep4_1.fq,data/reads/Herpesviridae/HSV-1/rep4_2.fq,val
Herpesviridae__HSV-1__rep5,Herpesviridae,5,HSV-1,0,5,data/reads/Herpesviridae/HSV-1/rep5_1.fq,data/reads/Herpesviridae/HSV-1/rep5_2.fq,test
Herpesviridae__HSV-2__rep0,Herpesviridae,5,HSV-2,1,0,data/reads/Herpesviridae/HSV-2/rep0_1.fq,data/reads/Herpesviridae/HSV-2/rep0_2.fq,train
Herpesviridae__HSV-2__rep1,Herpesviridae,5,HSV-2,1,1,data/reads/Herpesviridae/HSV-2/rep1_1.fq,data/reads/Herpesviridae/HSV-2/rep1_2.fq,train
Herpesviridae__HSV-2__rep2,Herpesviridae,5,HSV-2,1,2,data/reads/Herpesviridae/HSV-2/rep2_1.fq,data/reads/Herpesviridae/HSV-2/rep2_2.fq,train
Herpesviridae__HSV-2__rep3,Herpesviridae,5,HSV-2,1,3,data/reads/Herpesviridae/HSV-2/rep3_1.fq,data/reads/Herpesviridae/HSV-2/rep3_2.fq,train
Herpesviridae__HSV-2__rep4,Herpesviridae,5,HSV-2,1,4,data/reads/Herpesviridae/HSV-2/rep4_1.fq,data/reads/Herpesviridae/HSV-2/rep4_2.fq,val
Herpesviridae__HSV-2__rep5,Herpesviridae,5,HSV-2,1,5,data/reads/Herpesviridae/HSV-2/rep5_1.fq,data/reads/Herpesviridae/HSV-2/rep5_2.fq,test
Herpesviridae__VZV__rep0,Herpesviridae,5,VZV,2,0,data/reads/Herpesviridae/VZV/rep0_1.fq,data/reads/Herpesviridae/VZV/rep0_2.fq,train
Herpesviridae__VZV__rep1,Herpesviridae,5,VZV,2,1,data/reads/Herpesviridae/VZV/rep1_1.fq,data/reads/Herpesviridae/VZV/rep1_2.fq,train
Herpesviridae__VZV__rep2,Herpesviridae,5,VZV,2,2,data/reads/Herpesviridae/VZV/rep2_1.fq,data/reads/Herpesviridae/VZV/rep2_2.fq,train
Herpesviridae__VZV__rep3,Herpesviridae,5,VZV,2,3,data/reads/Herpesviridae/VZV/rep3_1.fq,data/reads/Herpesviridae/VZV/rep3_2.fq,train
Herpesviridae__VZV__rep4,Herpesviridae,5,VZV,2,4,data/reads/Herpesviridae/VZV/rep4_1.fq,data/reads/Herpesviridae/VZV/rep4_2.fq,val
Herpesviridae__VZV__rep5,Herpesviridae,5,VZV,2,5,data/reads/Herpesviridae/VZV/rep5_1.fq,data/reads/Herpesviridae/VZV/rep5_2.fq,test
Herpesviridae__EBV__rep0,Herpesviridae,5,EBV,3,0,data/reads/Herpesviridae/EBV/rep0_1.fq,data/reads/Herpesviridae/EBV/rep0_2.fq,train
Herpesviridae__EBV__rep1,Herpesviridae,5,EBV,3,1,data/reads/Herpesviridae/EBV/rep1_1.fq,data/reads/Herpesviridae/EBV/rep1_2.fq,train
Herpesviridae__EBV__rep2,Herpesviridae,5,EBV,3,2,data/reads/Herpesviridae/EBV/rep2_1.fq,data/reads/Herpesviridae/EBV/rep2_2.fq,train
Herpesviridae__EBV__rep3,Herpesviridae,5,EBV,3,3,data/reads/Herpesviridae/EBV/rep3_1.fq,data/reads/Herpesviridae/EBV/rep3_2.fq,train
Herpesviridae__EBV__rep4,Herpesviridae,5,EBV,3,4,data/reads/Herpesviridae/EBV/rep4_1.fq,data/reads/Herpesviridae/EBV/rep4_2.fq,val
Herpesviridae__EBV__rep5,Herpesviridae,5,EBV,3,5,data/reads/Herpesviridae/EBV/rep5_1.fq,data/reads/Herpesviridae/EBV/rep5_2.fq,test
Herpesviridae__HCMV__rep0,Herpesviridae,5,HCMV,4,0,data/reads/Herpesviridae/HCMV/rep0_1.fq,data/reads/Herpesviridae/HCMV/rep0_2.fq,train
Herpesviridae__HCMV__rep1,Herpesviridae,5,HCMV,4,1,data/reads/Herpesviridae/HCMV/rep1_1.fq,data/reads/Herpesviridae/HCMV/rep1_2.fq,train
Herpesviridae__HCMV__rep2,Herpesviridae,5,HCMV,4,2,data/reads/Herpesviridae/HCMV/rep2_1.fq,data/reads/Herpesviridae/HCMV/rep2_2.fq,train
Herpesviridae__HCMV__rep3,Herpesviridae,5,HCMV,4,3,data/reads/Herpesviridae/HCMV/rep3_1.fq,data/reads/Herpesviridae/HCMV/rep3_2.fq,train
Herpesviridae__HCMV__rep4,Herpesviridae,5,HCMV,4,4,data/reads/Herpesviridae/HCMV/rep4_1.fq,data/reads/Herpesviridae/HCMV/rep4_2.fq,val
Herpesviridae__HCMV__rep5,Herpesviridae,5,HCMV,4,5,data/reads/Herpesviridae/HCMV/rep5_1.fq,data/reads/Herpesviridae/HCMV/rep5_2.fq,test
Herpesviridae__HHV-6A__rep0,Herpesviridae,5,HHV-6A,5,0,data/reads/Herpesviridae/HHV-6A/rep0_1.fq,data/reads/Herpesviridae/HHV-6A/rep0_2.fq,train
Herpesviridae__HHV-6A__rep1,Herpesviridae,5,HHV-6A,5,1,data/reads/Herpesviridae/HHV-6A/rep1_1.fq,data/reads/Herpesviridae/HHV-6A/rep1_2.fq,train
Herpesviridae__HHV-6A__rep2,Herpesviridae,5,HHV-6A,5,2,data/reads/Herpesviridae/HHV-6A/rep2_1.fq,data/reads/Herpesviridae/HHV-6A/rep2_2.fq,train
Herpesviridae__HHV-6A__rep3,Herpesviridae,5,HHV-6A,5,3,data/reads/Herpesviridae/HHV-6A/rep3_1.fq,data/reads/Herpesviridae/HHV-6A/rep3_2.fq,train
Herpesviridae__HHV-6A__rep4,Herpesviridae,5,HHV-6A,5,4,data/reads/Herpesviridae/HHV-6A/rep4_1.fq,data/reads/Herpesviridae/HHV-6A/rep4_2.fq,val
Herpesviridae__HHV-6A__rep5,Herpesviridae,5,HHV-6A,5,5,data/reads/Herpesviridae/HHV-6A/rep5_1.fq,data/reads/Herpesviridae/HHV-6A/rep5_2.fq,test
Herpesviridae__HHV-6B__rep0,Herpesviridae,5,HHV-6B,6,0,data/reads/Herpesviridae/HHV-6B/rep0_1.fq,data/reads/Herpesviridae/HHV-6B/rep0_2.fq,train
Herpesviridae__HHV-6B__rep1,Herpesviridae,5,HHV-6B,6,1,data/reads/Herpesviridae/HHV-6B/rep1_1.fq,data/reads/Herpesviridae/HHV-6B/rep1_2.fq,train
Herpesviridae__HHV-6B__rep2,Herpesviridae,5,HHV-6B,6,2,data/reads/Herpesviridae/HHV-6B/rep2_1.fq,data/reads/Herpesviridae/HHV-6B/rep2_2.fq,train
Herpesviridae__HHV-6B__rep3,Herpesviridae,5,HHV-6B,6,3,data/reads/Herpesviridae/HHV-6B/rep3_1.fq,data/reads/Herpesviridae/HHV-6B/rep3_2.fq,train
Herpesviridae__HHV-6B__rep4,Herpesviridae,5,HHV-6B,6,4,data/reads/Herpesviridae/HHV-6B/rep4_1.fq,data/reads/Herpesviridae/HHV-6B/rep4_2.fq,val
Herpesviridae__HHV-6B__rep5,Herpesviridae,5,HHV-6B,6,5,data/reads/Herpesviridae/HHV-6B/rep5_1.fq,data/reads/Herpesviridae/HHV-6B/rep5_2.fq,test
Herpesviridae__HHV-7__rep0,Herpesviridae,5,HHV-7,7,0,data/reads/Herpesviridae/HHV-7/rep0_1.fq,data/reads/Herpesviridae/HHV-7/rep0_2.fq,train
Herpesviridae__HHV-7__rep1,Herpesviridae,5,HHV-7,7,1,data/reads/Herpesviridae/HHV-7/rep1_1.fq,data/reads/Herpesviridae/HHV-7/rep1_2.fq,train
Herpesviridae__HHV-7__rep2,Herpesviridae,5,HHV-7,7,2,data/reads/Herpesviridae/HHV-7/rep2_1.fq,data/reads/Herpesviridae/HHV-7/rep2_2.fq,train
Herpesviridae__HHV-7__rep3,Herpesviridae,5,HHV-7,7,3,data/reads/Herpesviridae/HHV-7/rep3_1.fq,data/reads/Herpesviridae/HHV-7/rep3_2.fq,train
Herpesviridae__HHV-7__rep4,Herpesviridae,5,HHV-7,7,4,data/reads/Herpesviridae/HHV-7/rep4_1.fq,data/reads/Herpesviridae/HHV-7/rep4_2.fq,val
Herpesviridae__HHV-7__rep5,Herpesviridae,5,HHV-7,7,5,data/reads/Herpesviridae/HHV-7/rep5_1.fq,data/reads/Herpesviridae/HHV-7/rep5_2.fq,test
Picornaviridae__Poliovirus-1__rep0,Picornaviridae,6,Poliovirus-1,0,0,data/reads/Picornaviridae/Poliovirus-1/rep0_1.fq,data/reads/Picornaviridae/Poliovirus-1/rep0_2.fq,train
Picornaviridae__Poliovirus-1__rep1,Picornaviridae,6,Poliovirus-1,0,1,data/reads/Picornaviridae/Poliovirus-1/rep1_1.fq,data/reads/Picornaviridae/Poliovirus-1/rep1_2.fq,train
Picornaviridae__Poliovirus-1__rep2,Picornaviridae,6,Poliovirus-1,0,2,data/reads/Picornaviridae/Poliovirus-1/rep2_1.fq,data/reads/Picornaviridae/Poliovirus-1/rep2_2.fq,train
Picornaviridae__Poliovirus-1__rep3,Picornaviridae,6,Poliovirus-1,0,3,data/reads/Picornaviridae/Poliovirus-1/rep3_1.fq,data/reads/Picornaviridae/Poliovirus-1/rep3_2.fq,train
Picornaviridae__Poliovirus-1__rep4,Picornaviridae,6,Poliovirus-1,0,4,data/reads/Picornaviridae/Poliovirus-1/rep4_1.fq,data/reads/Picornaviridae/Poliovirus-1/rep4_2.fq,val
Picornaviridae__Poliovirus-1__rep5,Picornaviridae,6,Poliovirus-1,0,5,data/reads/Picornaviridae/Poliovirus-1/rep5_1.fq,data/reads/Picornaviridae/Poliovirus-1/rep5_2.fq,test
Picornaviridae__Poliovirus-2__rep0,Picornaviridae,6,Poliovirus-2,1,0,data/reads/Picornaviridae/Poliovirus-2/rep0_1.fq,data/reads/Picornaviridae/Poliovirus-2/rep0_2.fq,train
Picornaviridae__Poliovirus-2__rep1,Picornaviridae,6,Poliovirus-2,1,1,data/reads/Picornaviridae/Poliovirus-2/rep1_1.fq,data/reads/Picornaviridae/Poliovirus-2/rep1_2.fq,train
Picornaviridae__Poliovirus-2__rep2,Picornaviridae,6,Poliovirus-2,1,2,data/reads/Picornaviridae/Poliovirus-2/rep2_1.fq,data/reads/Picornaviridae/Poliovirus-2/rep2_2.fq,train
Picornaviridae__Poliovirus-2__rep3,Picornaviridae,6,Poliovirus-2,1,3,data/reads/Picornaviridae/Poliovirus-2/rep3_1.fq,data/reads/Picornaviridae/Poliovirus-2/rep3_2.fq,train
Picornaviridae__Poliovirus-2__rep4,Picornaviridae,6,Poliovirus-2,1,4,data/reads/Picornaviridae/Poliovirus-2/rep4_1.fq,data/reads/Picornaviridae/Poliovirus-2/rep4_2.fq,val
Picornaviridae__Poliovirus-2__rep5,Picornaviridae,6,Poliovirus-2,1,5,data/reads/Picornaviridae/Poliovirus-2/rep5_1.fq,data/reads/Picornaviridae/Poliovirus-2/rep5_2.fq,test
Picornaviridae__Poliovirus-3__rep0,Picornaviridae,6,Poliovirus-3,2,0,data/reads/Picornaviridae/Poliovirus-3/rep0_1.fq,data/reads/Picornaviridae/Poliovirus-3/rep0_2.fq,train
Picornaviridae__Poliovirus-3__rep1,Picornaviridae,6,Poliovirus-3,2,1,data/reads/Picornaviridae/Poliovirus-3/rep1_1.fq,data/reads/Picornaviridae/Poliovirus-3/rep1_2.fq,train
Picornaviridae__Poliovirus-3__rep2,Picornaviridae,6,Poliovirus-3,2,2,data/reads/Picornaviridae/Poliovirus-3/rep2_1.fq,data/reads/Picornaviridae/Poliovirus-3/rep2_2.fq,train
Picornaviridae__Poliovirus-3__rep3,Picornaviridae,6,Poliovirus-3,2,3,data/reads/Picornaviridae/Poliovirus-3/rep3_1.fq,data/reads/Picornaviridae/Poliovirus-3/rep3_2.fq,train
Picornaviridae__Poliovirus-3__rep4,Picornaviridae,6,Poliovirus-3,2,4,data/reads/Picornaviridae/Poliovirus-3/rep4_1.fq,data/reads/Picornaviridae/Poliovirus-3/rep4_2.fq,val
Picornaviridae__Poliovirus-3__rep5,Picornaviridae,6,Poliovirus-3,2,5,data/reads/Picornaviridae/Poliovirus-3/rep5_1.fq,data/reads/Picornaviridae/Poliovirus-3/rep5_2.fq,test
Picornaviridae__Coxsackievirus-A16__rep0,Picornaviridae,6,Coxsackievirus-A16,3,0,data/reads/Picornaviridae/Coxsackievirus-A16/rep0_1.fq,data/reads/Picornaviridae/Coxsackievirus-A16/rep0_2.fq,train
Picornaviridae__Coxsackievirus-A16__rep1,Picornaviridae,6,Coxsackievirus-A16,3,1,data/reads/Picornaviridae/Coxsackievirus-A16/rep1_1.fq,data/reads/Picornaviridae/Coxsackievirus-A16/rep1_2.fq,train
Picornaviridae__Coxsackievirus-A16__rep2,Picornaviridae,6,Coxsackievirus-A16,3,2,data/reads/Picornaviridae/Coxsackievirus-A16/rep2_1.fq,data/reads/Picornaviridae/Coxsackievirus-A16/rep2_2.fq,train
Picornaviridae__Coxsackievirus-A16__rep3,Picornaviridae,6,Coxsackievirus-A16,3,3,data/reads/Picornaviridae/Coxsackievirus-A16/rep3_1.fq,data/reads/Picornaviridae/Coxsackievirus-A16/rep3_2.fq,train
Picornaviridae__Coxsackievirus-A16__rep4,Picornaviridae,6,Coxsackievirus-A16,3,4,data/reads/Picornaviridae/Coxsackievirus-A16/rep4_1.fq,data/reads/Picornaviridae/Coxsackievirus-A16/rep4_2.fq,val
Picornaviridae__Coxsackievirus-A16__rep5,Picornaviridae,6,Coxsackievirus-A16,3,5,data/reads/Picornaviridae/Coxsackievirus-A16/rep5_1.fq,data/reads/Picornaviridae/Coxsackievirus-A16/rep5_2.fq,test
Picornaviridae__Coxsackievirus-B3__rep0,Picornaviridae,6,Coxsackievirus-B3,4,0,data/reads/Picornaviridae/Coxsackievirus-B3/rep0_1.fq,data/reads/Picornaviridae/Coxsackievirus-B3/rep0_2.fq,train
Picornaviridae__Coxsackievirus-B3__rep1,Picornaviridae,6,Coxsackievirus-B3,4,1,data/reads/Picornaviridae/Coxsackievirus-B3/rep1_1.fq,data/reads/Picornaviridae/Coxsackievirus-B3/rep1_2.fq,train
Picornaviridae__Coxsackievirus-B3__rep2,Picornaviridae,6,Coxsackievirus-B3,4,2,data/reads/Picornaviridae/Coxsackievirus-B3/rep2_1.fq,data/reads/Picornaviridae/Coxsackievirus-B3/rep2_2.fq,train
Picornaviridae__Coxsackievirus-B3__rep3,Picornaviridae,6,Coxsackievirus-B3,4,3,data/reads/Picornaviridae/Coxsackievirus-B3/rep3_1.fq,data/reads/Picornaviridae/Coxsackievirus-B3/rep3_2.fq,train
Picornaviridae__Coxsackievirus-B3__rep4,Picornaviridae,6,Coxsackievirus-B3,4,4,data/reads/Picornaviridae/Coxsackievirus-B3/rep4_1.fq,data/reads/Picornaviridae/Coxsackievirus-B3/rep4_2.fq,val
Picornaviridae__Coxsackievirus-B3__rep5,Picornaviridae,6,Coxsackievirus-B3,4,5,data/reads/Picornaviridae/Coxsackievirus-B3/rep5_1.fq,data/reads/Picornaviridae/Coxsackievirus-B3/rep5_2.fq,test
Picornaviridae__Rhinovirus-A__rep0,Picornaviridae,6,Rhinovirus-A,5,0,data/reads/Picornaviridae/Rhinovirus-A/rep0_1.fq,data/reads/Picornaviridae/Rhinovirus-A/rep0_2.fq,train
Picornaviridae__Rhinovirus-A__rep1,Picornaviridae,6,Rhinovirus-A,5,1,data/reads/Picornaviridae/Rhinovirus-A/rep1_1.fq,data/reads/Picornaviridae/Rhinovirus-A/rep1_2.fq,train
Picornaviridae__Rhinovirus-A__rep2,Picornaviridae,6,Rhinovirus-A,5,2,data/reads/Picornaviridae/Rhinovirus-A/rep2_1.fq,data/reads/Picornaviridae/Rhinovirus-A/rep2_2.fq,train
Picornaviridae__Rhinovirus-A__rep3,Picornaviridae,6,Rhinovirus-A,5,3,data/reads/Picornaviridae/Rhinovirus-A/rep3_1.fq,data/reads/Picornaviridae/Rhinovirus-A/rep3_2.fq,train
Picornaviridae__Rhinovirus-A__rep4,Picornaviridae,6,Rhinovirus-A,5,4,data/reads/Picornaviridae/Rhinovirus-A/rep4_1.fq,data/reads/Picornaviridae/Rhinovirus-A/rep4_2.fq,val
Picornaviridae__Rhinovirus-A__rep5,Picornaviridae,6,Rhinovirus-A,5,5,data/reads/Picornaviridae/Rhinovirus-A/rep5_1.fq,data/reads/Picornaviridae/Rhinovirus-A/rep5_2.fq,test
Picornaviridae__Rhinovirus-B__rep0,Picornaviridae,6,Rhinovirus-B,6,0,data/reads/Picornaviridae/Rhinovirus-B/rep0_1.fq,data/reads/Picornaviridae/Rhinovirus-B/rep0_2.fq,train
Picornaviridae__Rhinovirus-B__rep1,Picornaviridae,6,Rhinovirus-B,6,1,data/reads/Picornaviridae/Rhinovirus-B/rep1_1.fq,data/reads/Picornaviridae/Rhinovirus-B/rep1_2.fq,train
Picornaviridae__Rhinovirus-B__rep2,Picornaviridae,6,Rhinovirus-B,6,2,data/reads/Picornaviridae/Rhinovirus-B/rep2_1.fq,data/reads/Picornaviridae/Rhinovirus-B/rep2_2.fq,train
Picornaviridae__Rhinovirus-B__rep3,Picornaviridae,6,Rhinovirus-B,6,3,data/reads/Picornaviridae/Rhinovirus-B/rep3_1.fq,data/reads/Picornaviridae/Rhinovirus-B/rep3_2.fq,train
Picornaviridae__Rhinovirus-B__rep4,Picornaviridae,6,Rhinovirus-B,6,4,data/reads/Picornaviridae/Rhinovirus-B/rep4_1.fq,data/reads/Picornaviridae/Rhinovirus-B/rep4_2.fq,val
Picornaviridae__Rhinovirus-B__rep5,Picornaviridae,6,Rhinovirus-B,6,5,data/reads/Picornaviridae/Rhinovirus-B/rep5_1.fq,data/reads/Picornaviridae/Rhinovirus-B/rep5_2.fq,test
Picornaviridae__Rhinovirus-C__rep0,Picornaviridae,6,Rhinovirus-C,7,0,data/reads/Picornaviridae/Rhinovirus-C/rep0_1.fq,data/reads/Picornaviridae/Rhinovirus-C/rep0_2.fq,train
Picornaviridae__Rhinovirus-C__rep1,Picornaviridae,6,Rhinovirus-C,7,1,data/reads/Picornaviridae/Rhinovirus-C/rep1_1.fq,data/reads/Picornaviridae/Rhinovirus-C/rep1_2.fq,train
Picornaviridae__Rhinovirus-C__rep2,Picornaviridae,6,Rhinovirus-C,7,2,data/reads/Picornaviridae/Rhinovirus-C/rep2_1.fq,data/reads/Picornaviridae/Rhinovirus-C/rep2_2.fq,train
Picornaviridae__Rhinovirus-C__rep3,Picornaviridae,6,Rhinovirus-C,7,3,data/reads/Picornaviridae/Rhinovirus-C/rep3_1.fq,data/reads/Picornaviridae/Rhinovirus-C/rep3_2.fq,train
Picornaviridae__Rhinovirus-C__rep4,Picornaviridae,6,Rhinovirus-C,7,4,data/reads/Picornaviridae/Rhinovirus-C/rep4_1.fq,data/reads/Picornaviridae/Rhinovirus-C/rep4_2.fq,val
Picornaviridae__Rhinovirus-C__rep5,Picornaviridae,6,Rhinovirus-C,7,5,data/reads/Picornaviridae/Rhinovirus-C/rep5_1.fq,data/reads/Picornaviridae/Rhinovirus-C/rep5_2.fq,test
Paramyxoviridae__Measles__rep0,Paramyxoviridae,7,Measles,0,0,data/reads/Paramyxoviridae/Measles/rep0_1.fq,data/reads/Paramyxoviridae/Measles/rep0_2.fq,train
Paramyxoviridae__Measles__rep1,Paramyxoviridae,7,Measles,0,1,data/reads/Paramyxoviridae/Measles/rep1_1.fq,data/reads/Paramyxoviridae/Measles/rep1_2.fq,train
Paramyxoviridae__Measles__rep2,Paramyxoviridae,7,Measles,0,2,data/reads/Paramyxoviridae/Measles/rep2_1.fq,data/reads/Paramyxoviridae/Measles/rep2_2.fq,train
Paramyxoviridae__Measles__rep3,Paramyxoviridae,7,Measles,0,3,data/reads/Paramyxoviridae/Measles/rep3_1.fq,data/reads/Paramyxoviridae/Measles/rep3_2.fq,train
Paramyxoviridae__Measles__rep4,Paramyxoviridae,7,Measles,0,4,data/reads/Paramyxoviridae/Measles/rep4_1.fq,data/reads/Paramyxoviridae/Measles/rep4_2.fq,val
Paramyxoviridae__Measles__rep5,Paramyxoviridae,7,Measles,0,5,data/reads/Paramyxoviridae/Measles/rep5_1.fq,data/reads/Paramyxoviridae/Measles/rep5_2.fq,test
Paramyxoviridae__Mumps__rep0,Paramyxoviridae,7,Mumps,1,0,data/reads/Paramyxoviridae/Mumps/rep0_1.fq,data/reads/Paramyxoviridae/Mumps/rep0_2.fq,train
Paramyxoviridae__Mumps__rep1,Paramyxoviridae,7,Mumps,1,1,data/reads/Paramyxoviridae/Mumps/rep1_1.fq,data/reads/Paramyxoviridae/Mumps/rep1_2.fq,train
Paramyxoviridae__Mumps__rep2,Paramyxoviridae,7,Mumps,1,2,data/reads/Paramyxoviridae/Mumps/rep2_1.fq,data/reads/Paramyxoviridae/Mumps/rep2_2.fq,train
Paramyxoviridae__Mumps__rep3,Paramyxoviridae,7,Mumps,1,3,data/reads/Paramyxoviridae/Mumps/rep3_1.fq,data/reads/Paramyxoviridae/Mumps/rep3_2.fq,train
Paramyxoviridae__Mumps__rep4,Paramyxoviridae,7,Mumps,1,4,data/reads/Paramyxoviridae/Mumps/rep4_1.fq,data/reads/Paramyxoviridae/Mumps/rep4_2.fq,val
Paramyxoviridae__Mumps__rep5,Paramyxoviridae,7,Mumps,1,5,data/reads/Paramyxoviridae/Mumps/rep5_1.fq,data/reads/Paramyxoviridae/Mumps/rep5_2.fq,test
Paramyxoviridae__RSV-A__rep0,Paramyxoviridae,7,RSV-A,2,0,data/reads/Paramyxoviridae/RSV-A/rep0_1.fq,data/reads/Paramyxoviridae/RSV-A/rep0_2.fq,train
Paramyxoviridae__RSV-A__rep1,Paramyxoviridae,7,RSV-A,2,1,data/reads/Paramyxoviridae/RSV-A/rep1_1.fq,data/reads/Paramyxoviridae/RSV-A/rep1_2.fq,train
Paramyxoviridae__RSV-A__rep2,Paramyxoviridae,7,RSV-A,2,2,data/reads/Paramyxoviridae/RSV-A/rep2_1.fq,data/reads/Paramyxoviridae/RSV-A/rep2_2.fq,train
Paramyxoviridae__RSV-A__rep3,Paramyxoviridae,7,RSV-A,2,3,data/reads/Paramyxoviridae/RSV-A/rep3_1.fq,data/reads/Paramyxoviridae/RSV-A/rep3_2.fq,train
Paramyxoviridae__RSV-A__rep4,Paramyxoviridae,7,RSV-A,2,4,data/reads/Paramyxoviridae/RSV-A/rep4_1.fq,data/reads/Paramyxoviridae/RSV-A/rep4_2.fq,val
Paramyxoviridae__RSV-A__rep5,Paramyxoviridae,7,RSV-A,2,5,data/reads/Paramyxoviridae/RSV-A/rep5_1.fq,data/reads/Paramyxoviridae/RSV-A/rep5_2.fq,test
Paramyxoviridae__RSV-B__rep0,Paramyxoviridae,7,RSV-B,3,0,data/reads/Paramyxoviridae/RSV-B/rep0_1.fq,data/reads/Paramyxoviridae/RSV-B/rep0_2.fq,train
Paramyxoviridae__RSV-B__rep1,Paramyxoviridae,7,RSV-B,3,1,data/reads/Paramyxoviridae/RSV-B/rep1_1.fq,data/reads/Paramyxoviridae/RSV-B/rep1_2.fq,train
Paramyxoviridae__RSV-B__rep2,Paramyxoviridae,7,RSV-B,3,2,data/reads/Paramyxoviridae/RSV-B/rep2_1.fq,data/reads/Paramyxoviridae/RSV-B/rep2_2.fq,train
Paramyxoviridae__RSV-B__rep3,Paramyxoviridae,7,RSV-B,3,3,data/reads/Paramyxoviridae/RSV-B/rep3_1.fq,data/reads/Paramyxoviridae/RSV-B/rep3_2.fq,train
Paramyxoviridae__RSV-B__rep4,Paramyxoviridae,7,RSV-B,3,4,data/reads/Paramyxoviridae/RSV-B/rep4_1.fq,data/reads/Paramyxoviridae/RSV-B/rep4_2.fq,val
Paramyxoviridae__RSV-B__rep5,Paramyxoviridae,7,RSV-B,3,5,data/reads/Paramyxoviridae/RSV-B/rep5_1.fq,data/reads/Paramyxoviridae/RSV-B/rep5_2.fq,test
Paramyxoviridae__Human-Parainfluenza-1__rep0,Paramyxoviridae,7,Human-Parainfluenza-1,4,0,data/reads/Paramyxoviridae/Human-Parainfluenza-1/rep0_1.fq,data/reads/Paramyxoviridae/Human-Parainfluenza-1/rep0_2.fq,train
Paramyxoviridae__Human-Parainfluenza-1__rep1,Paramyxoviridae,7,Human-Parainfluenza-1,4,1,data/reads/Paramyxoviridae/Human-Parainfluenza-1/rep1_1.fq,data/reads/Paramyxoviridae/Human-Parainfluenza-1/rep1_2.fq,train
Paramyxoviridae__Human-Parainfluenza-1__rep2,Paramyxoviridae,7,Human-Parainfluenza-1,4,2,data/reads/Paramyxoviridae/Human-Parainfluenza-1/rep2_1.fq,data/reads/Paramyxoviridae/Human-Parainfluenza-1/rep2_2.fq,train
Paramyxoviridae__Human-Parainfluenza-1__rep3,Paramyxoviridae,7,Human-Parainfluenza-1,4,3,data/reads/Paramyxoviridae/Human-Parainfluenza-1/rep3_1.fq,data/reads/Paramyxoviridae/Human-Parainfluenza-1/rep3_2.fq,train
Paramyxoviridae__Human-Parainfluenza-1__rep4,Paramyxoviridae,7,Human-Parainfluenza-1,4,4,data/reads/Paramyxoviridae/Human-Parainfluenza-1/rep4_1.fq,data/reads/Paramyxoviridae/Human-Parainfluenza-1/rep4_2.fq,val
Paramyxoviridae__Human-Parainfluenza-1__rep5,Paramyxoviridae,7,Human-Parainfluenza-1,4,5,data/reads/Paramyxoviridae/Human-Parainfluenza-1/rep5_1.fq,data/reads/Paramyxoviridae/Human-Parainfluenza-1/rep5_2.fq,test
Paramyxoviridae__Human-Parainfluenza-3__rep0,Paramyxoviridae,7,Human-Parainfluenza-3,5,0,data/reads/Paramyxoviridae/Human-Parainfluenza-3/rep0_1.fq,data/reads/Paramyxoviridae/Human-Parainfluenza-3/rep0_2.fq,train
Paramyxoviridae__Human-Parainfluenza-3__rep1,Paramyxoviridae,7,Human-Parainfluenza-3,5,1,data/reads/Paramyxoviridae/Human-Parainfluenza-3/rep1_1.fq,data/reads/Paramyxoviridae/Human-Parainfluenza-3/rep1_2.fq,train
Paramyxoviridae__Human-Parainfluenza-3__rep2,Paramyxoviridae,7,Human-Parainfluenza-3,5,2,data/reads/Paramyxoviridae/Human-Parainfluenza-3/rep2_1.fq,data/reads/Paramyxoviridae/Human-Parainfluenza-3/rep2_2.fq,train
Paramyxoviridae__Human-Parainfluenza-3__rep3,Paramyxoviridae,7,Human-Parainfluenza-3,5,3,data/reads/Paramyxoviridae/Human-Parainfluenza-3/rep3_1.fq,data/reads/Paramyxoviridae/Human-Parainfluenza-3/rep3_2.fq,train
Paramyxoviridae__Human-Parainfluenza-3__rep4,Paramyxoviridae,7,Human-Parainfluenza-3,5,4,data/reads/Paramyxoviridae/Human-Parainfluenza-3/rep4_1.fq,data/reads/Paramyxoviridae/Human-Parainfluenza-3/rep4_2.fq,val
Paramyxoviridae__Human-Parainfluenza-3__rep5,Paramyxoviridae,7,Human-Parainfluenza-3,5,5,data/reads/Paramyxoviridae/Human-Parainfluenza-3/rep5_1.fq,data/reads/Paramyxoviridae/Human-Parainfluenza-3/rep5_2.fq,test
Paramyxoviridae__Nipah__rep0,Paramyxoviridae,7,Nipah,6,0,data/reads/Paramyxoviridae/Nipah/rep0_1.fq,data/reads/Paramyxoviridae/Nipah/rep0_2.fq,train
Paramyxoviridae__Nipah__rep1,Paramyxoviridae,7,Nipah,6,1,data/reads/Paramyxoviridae/Nipah/rep1_1.fq,data/reads/Paramyxoviridae/Nipah/rep1_2.fq,train
Paramyxoviridae__Nipah__rep2,Paramyxoviridae,7,Nipah,6,2,data/reads/Paramyxoviridae/Nipah/rep2_1.fq,data/reads/Paramyxoviridae/Nipah/rep2_2.fq,train
Paramyxoviridae__Nipah__rep3,Paramyxoviridae,7,Nipah,6,3,data/reads/Paramyxoviridae/Nipah/rep3_1.fq,data/reads/Paramyxoviridae/Nipah/rep3_2.fq,train
Paramyxoviridae__Nipah__rep4,Paramyxoviridae,7,Nipah,6,4,data/reads/Paramyxoviridae/Nipah/rep4_1.fq,data/reads/Paramyxoviridae/Nipah/rep4_2.fq,val
Paramyxoviridae__Nipah__rep5,Paramyxoviridae,7,Nipah,6,5,data/reads/Paramyxoviridae/Nipah/rep5_1.fq,data/reads/Paramyxoviridae/Nipah/rep5_2.fq,test
Paramyxoviridae__Human-Metapneumovirus__rep0,Paramyxoviridae,7,Human-Metapneumovirus,7,0,data/reads/Paramyxoviridae/Human-Metapneumovirus/rep0_1.fq,data/reads/Paramyxoviridae/Human-Metapneumovirus/rep0_2.fq,train
Paramyxoviridae__Human-Metapneumovirus__rep1,Paramyxoviridae,7,Human-Metapneumovirus,7,1,data/reads/Paramyxoviridae/Human-Metapneumovirus/rep1_1.fq,data/reads/Paramyxoviridae/Human-Metapneumovirus/rep1_2.fq,train
Paramyxoviridae__Human-Metapneumovirus__rep2,Paramyxoviridae,7,Human-Metapneumovirus,7,2,data/reads/Paramyxoviridae/Human-Metapneumovirus/rep2_1.fq,data/reads/Paramyxoviridae/Human-Metapneumovirus/rep2_2.fq,train
Paramyxoviridae__Human-Metapneumovirus__rep3,Paramyxoviridae,7,Human-Metapneumovirus,7,3,data/reads/Paramyxoviridae/Human-Metapneumovirus/rep3_1.fq,data/reads/Paramyxoviridae/Human-Metapneumovirus/rep3_2.fq,train
Paramyxoviridae__Human-Metapneumovirus__rep4,Paramyxoviridae,7,Human-Metapneumovirus,7,4,data/reads/Paramyxoviridae/Human-Metapneumovirus/rep4_1.fq,data/reads/Paramyxoviridae/Human-Metapneumovirus/rep4_2.fq,val
Paramyxoviridae__Human-Metapneumovirus__rep5,Paramyxoviridae,7,Human-Metapneumovirus,7,5,data/reads/Paramyxoviridae/Human-Metapneumovirus/rep5_1.fq,data/reads/Paramyxoviridae/Human-Metapneumovirus/rep5_2.fq,test
